{"cameraMode":{"drawMode":0,"name":"Shaded","section":"Shading Mode"},"sceneLighting":true,"audioPlay":false,"sceneViewState":{"showFog":true,"showMaterialUpdate":false,"showSkybox":true,"showFlares":true,"showImageEffects":true,"showParticleSystems":true},"in2DMode":false,"pivot":{"x":0.42182689905166628,"y":0.5968328714370728,"z":11.439986228942871},"rotation":{"x":-0.26624348759651186,"y":-0.03873976320028305,"z":0.010706339031457901,"w":-0.9630928635597229},"size":11.555109024047852,"orthographic":false}